Product_ID,Sale_month,Profit_per_month,Total_monthly_quantity,Avg_monthly_profit_margin,weight_monthly_profit_margin,Previous_month_profit,Profitchange_MtM
1001,2023-02-01,9393.3,27,27.034,37.049,,
1001,2023-04-01,5871.51,27,11.591,15.239,9393.3,-3521.79
1001,2023-05-01,44919.77,97,19.847,12.584,5871.51,39048.26
1001,2023-08-01,9005.36,44,6.246,7.774,44919.77,-35914.41
1001,2023-09-01,17643.99,39,15.656,18.562,9005.36,8638.63
1001,2023-10-01,19744.95,51,12.474,13.745,17643.99,2100.96
1001,2023-11-01,1125.28,44,2.086,2.112,19744.95,-18619.67
1001,2023-12-01,14196.15,45,18.691,22.987,1125.28,13070.87
1002,2023-01-01,2358.07,17,7.434,8.031,,
1002,2023-02-01,1267.5,26,8.741,9.579,2358.07,-1090.57
1002,2023-04-01,1572.99,30,3.413,2.676,1267.5,305.49
1002,2023-05-01,19353.57,87,9.649,10.586,1572.99,17780.58
1002,2023-06-01,8258.58,18,79.594,390.045,19353.57,-11094.99
1002,2023-07-01,4689.09,21,5.119,5.396,8258.58,-3569.49
1002,2023-08-01,5141.76,16,10.062,11.188,4689.09,452.67
1002,2023-10-01,19132.86,69,15.282,10.714,5141.76,13991.1
1002,2023-11-01,7039.92,24,8.15,8.873,19132.86,-12092.94
1003,2023-01-01,897.54,3,14.306,16.695,,
1003,2023-02-01,11420.55,45,4.855,5.102,897.54,10523.01
1003,2023-04-01,6219.18,27,26.983,36.954,11420.55,-5201.37
1003,2023-05-01,16266.64,65,21.34,16.103,6219.18,10047.46
1003,2023-07-01,3545.55,20,9.487,9.59,16266.64,-12721.09
1003,2023-09-01,4024.78,37,2.819,2.832,3545.55,479.23
1003,2023-11-01,1710.28,11,4.026,4.194,4024.78,-2314.5
1003,2023-12-01,7197.45,47,21.745,5.435,1710.28,5487.17
1004,2023-03-01,5826.12,12,9.636,10.663,,
1004,2023-05-01,16241.4,36,10.179,11.332,5826.12,10415.28
1004,2023-06-01,24282.8,92,5.821,7.453,16241.4,8041.4
1004,2023-07-01,14810.34,51,12.05,15.293,24282.8,-9472.46
1004,2023-09-01,12571.2,27,9.659,10.692,14810.34,-2239.14
1004,2023-11-01,28.19,1,13.349,15.405,12571.2,-12543.01
1004,2023-12-01,483.56,11,0.9,0.908,28.19,455.37
1005,2023-03-01,13955.18,38,44.473,42.373,,
1005,2023-04-01,15399.42,46,6.661,7.136,13955.18,1444.24
1005,2023-05-01,112.78,2,3.893,4.051,15399.42,-15286.64
1005,2023-08-01,9294.18,21,9.184,10.113,112.78,9181.4
1005,2023-09-01,2771.94,15,35.485,6.392,9294.18,-6522.24
1005,2023-11-01,16084.63,71,10.941,10.568,2771.94,13312.69
1005,2023-12-01,762.44,28,1.253,1.269,16084.63,-15322.19
1006,2023-01-01,1522.79,29,1.192,1.206,,
1006,2023-04-01,4873.31,19,7.968,8.658,1522.79,3350.52
1006,2023-05-01,3988.49,11,7.362,7.947,4873.31,-884.82
1006,2023-06-01,10323.6,21,22.415,28.89,3988.49,6335.11
1006,2023-09-01,28700.26,108,9.286,10.419,10323.6,18376.66
1006,2023-11-01,5822.3,22,24.082,31.72,28700.26,-22877.96
1007,2023-01-01,1236.3,13,2.463,2.526,,
1007,2023-02-01,25662.61,77,11.619,10.878,1236.3,24426.31
1007,2023-03-01,6908.31,15,16.92,37.849,25662.61,-18754.3
1007,2023-04-01,6170.06,13,11.656,13.194,6908.31,-738.25
1007,2023-06-01,1684.71,9,11.216,12.633,6170.06,-4485.35
1007,2023-08-01,5164.64,16,6.967,7.489,1684.71,3479.93
1008,2023-01-01,16727.98,38,8.673,9.497,,
1008,2023-02-01,2112.66,22,4.06,4.232,16727.98,-14615.32
1008,2023-04-01,19202.38,59,23.017,14.251,2112.66,17089.72
1008,2023-05-01,9902.31,37,13.516,15.629,19202.38,-9300.07
1008,2023-06-01,16685.36,56,14.81,9.758,9902.31,6783.05
1008,2023-08-01,12562.8,40,10.464,11.686,16685.36,-4122.56
1008,2023-09-01,10072.96,32,25.466,34.166,12562.8,-2489.84
1008,2023-10-01,4733.04,24,11.337,12.787,10072.96,-5339.92
1008,2023-12-01,33691.08,99,33.012,17.089,4733.04,28958.04
1009,2023-01-01,4586.84,28,5.777,5.256,,
1009,2023-03-01,3825.26,11,8.792,8.162,4586.84,-761.58
1009,2023-04-01,34310.57,112,23.026,17.583,3825.26,30485.31
1009,2023-05-01,17254.8,40,13.351,15.408,34310.57,-17055.77
1009,2023-08-01,15425.85,33,50.911,103.712,17254.8,-1828.95
1009,2023-11-01,5753.58,14,42.865,75.023,15425.85,-9672.27
1010,2023-02-01,7733.85,47,6.772,7.264,,
1010,2023-03-01,12845.8,86,7.529,5.906,7733.85,5111.95
1010,2023-04-01,1996.48,4,9.171,10.097,12845.8,-10849.32
1010,2023-10-01,3529.0,20,3.943,4.105,1996.48,1532.52
1010,2023-12-01,6573.9,30,6.246,6.662,3529.0,3044.9
1011,2023-01-01,4087.16,22,12.301,14.026,,
1011,2023-03-01,402.52,2,3.941,4.102,4087.16,-3684.64
1011,2023-06-01,7060.02,38,4.002,4.169,402.52,6657.5
1011,2023-12-01,5718.44,13,23.366,30.49,7060.02,-1341.58
1012,2023-01-01,13231.53,39,9.789,10.851,,
1012,2023-02-01,2550.24,33,1.977,2.017,13231.53,-10681.29
1012,2023-04-01,2877.66,9,31.051,45.036,2550.24,327.42
1012,2023-05-01,8298.1,29,11.791,11.446,2877.66,5420.44
1012,2023-06-01,25151.48,66,31.7,31.052,8298.1,16853.38
1012,2023-09-01,6389.13,19,19.066,23.558,25151.48,-18762.35
1012,2023-10-01,2013.48,34,2.348,2.405,6389.13,-4375.65
1012,2023-11-01,4380.44,21,8.604,10.32,2013.48,2366.96
1012,2023-12-01,4744.35,13,14.055,16.353,4380.44,363.91
1013,2023-01-01,9426.8,55,6.809,8.337,,
1013,2023-02-01,9009.21,73,4.601,3.221,9426.8,-417.59
1013,2023-04-01,14873.88,42,20.474,25.745,9009.21,5864.67
1013,2023-06-01,995.36,16,4.844,5.09,14873.88,-13878.52
1013,2023-08-01,10132.46,26,9.416,10.395,995.36,9137.1
1013,2023-09-01,5419.52,16,26.919,36.834,10132.46,-4712.94
1013,2023-10-01,3319.36,66,4.173,3.116,5419.52,-2100.16
1014,2023-02-01,21574.52,44,17.844,21.72,,
1014,2023-04-01,16560.02,38,17.245,20.839,21574.52,-5014.5
1014,2023-06-01,764.52,3,9.358,10.325,16560.02,-15795.5
1014,2023-07-01,291.27,7,0.877,0.884,764.52,-473.25
1014,2023-08-01,9552.66,26,45.892,84.815,291.27,9261.39
1014,2023-09-01,5200.8,48,16.292,19.462,9552.66,-4351.86
1014,2023-11-01,1984.4,26,29.367,3.586,5200.8,-3216.4
1014,2023-12-01,16032.32,53,30.819,58.103,1984.4,14047.92
1015,2023-02-01,921.38,23,1.492,1.515,,
1015,2023-05-01,10431.0,30,11.483,12.973,921.38,9509.62
1015,2023-07-01,699.84,9,1.634,1.661,10431.0,-9731.16
1015,2023-08-01,11757.42,51,14.877,29.922,699.84,11057.58
1015,2023-09-01,15891.06,87,13.617,7.124,11757.42,4133.64
1015,2023-10-01,1600.57,23,2.314,2.369,15891.06,-14290.49
1015,2023-11-01,99.0,1,3.27,3.38,1600.57,-1501.57
1016,2023-01-01,3718.07,62,2.175,1.869,,
1016,2023-03-01,10934.24,42,13.363,7.274,3718.07,7216.17
1016,2023-04-01,2265.78,6,7.739,8.388,10934.24,-8668.46
1016,2023-06-01,8148.9,51,10.212,12.818,2265.78,5883.12
1016,2023-08-01,8040.33,23,34.855,10.969,8148.9,-108.57
1016,2023-10-01,5181.33,11,13.21,15.221,8040.33,-2859.0
1016,2023-11-01,7248.04,50,37.434,5.588,5181.33,2066.71
1017,2023-01-01,26525.12,81,19.715,16.278,,
1017,2023-02-01,1771.26,18,36.151,57.276,26525.12,-24753.86
1017,2023-03-01,3130.96,28,2.873,2.957,1771.26,1359.7
1017,2023-05-01,14679.35,35,7.933,8.616,3130.96,11548.39
1017,2023-06-01,14122.15,35,8.261,9.005,14679.35,-557.2
1017,2023-07-01,10872.12,42,28.073,18.068,14122.15,-3250.03
1017,2023-08-01,9467.31,43,13.145,15.134,10872.12,-1404.81
1017,2023-10-01,110.56,1,14.697,17.23,9467.31,-9356.75
1017,2023-12-01,14611.08,33,22.205,28.542,110.56,14500.52
1018,2023-01-01,12272.2,56,6.837,7.398,,
1018,2023-04-01,1403.35,17,18.835,23.206,12272.2,-10868.85
1018,2023-06-01,1044.68,28,3.576,3.708,1403.35,-358.67
1018,2023-08-01,515.33,10,1.232,1.675,1044.68,-529.35
1018,2023-09-01,9085.0,25,32.946,49.133,515.33,8569.67
1018,2024-01-01,8808.72,24,21.218,26.932,9085.0,-276.28
1019,2023-05-01,9629.63,41,5.098,6.43,,
1019,2023-06-01,17468.98,38,11.221,12.639,9629.63,7839.35
1019,2023-07-01,8568.8,26,11.027,10.773,17468.98,-8900.18
1019,2023-08-01,4173.3,18,6.065,6.456,8568.8,-4395.5
1019,2023-09-01,32132.52,88,34.341,17.597,4173.3,27959.22
1019,2023-10-01,24618.03,79,21.476,13.548,32132.52,-7514.49
1019,2023-11-01,4091.34,33,8.342,9.101,24618.03,-20526.69
1019,2023-12-01,8186.76,36,14.504,16.964,4091.34,4095.42
1020,2023-02-01,14263.94,29,72.77,267.243,,
1020,2023-03-01,2813.52,19,7.666,8.303,14263.94,-11450.42
1020,2023-04-01,1093.62,33,0.69,0.694,2813.52,-1719.9
1020,2023-09-01,11401.22,75,4.468,4.964,1093.62,10307.6
1020,2023-12-01,12741.75,45,6.221,6.634,11401.22,1340.53
1021,2023-01-01,3286.35,9,9.788,10.851,,
1021,2023-02-01,6583.04,32,18.592,22.838,3286.35,3296.69
1021,2023-03-01,8634.43,23,39.262,64.642,6583.04,2051.39
1021,2023-06-01,24045.09,65,16.639,14.166,8634.43,15410.66
1021,2023-07-01,13535.11,43,7.043,7.577,24045.09,-10509.98
1021,2023-08-01,2667.41,19,24.021,31.616,13535.11,-10867.7
1021,2023-11-01,12410.0,46,9.063,9.812,2667.41,9742.59
1022,2023-01-01,2497.95,13,7.672,8.309,,
1022,2023-03-01,3051.9,45,1.659,1.687,2497.95,553.95
1022,2023-06-01,2657.7,9,11.54,13.045,3051.9,-394.2
1022,2023-08-01,6980.4,21,11.583,13.101,2657.7,4322.7
1022,2023-11-01,12478.7,29,47.292,89.724,6980.4,5498.3
1022,2023-12-01,2134.3,10,10.442,11.659,12478.7,-10344.4
1023,2023-01-01,12834.3,38,25.801,17.617,,
1023,2023-03-01,8296.47,39,4.562,4.78,12834.3,-4537.83
1023,2023-04-01,855.45,5,6.892,7.402,8296.47,-7441.02
1023,2023-06-01,1063.26,9,2.764,2.843,855.45,207.81
1023,2023-07-01,905.36,6,17.443,12.131,1063.26,-157.9
1023,2023-08-01,6468.56,83,3.157,2.894,905.36,5563.2
1023,2023-09-01,2462.88,40,7.365,1.49,6468.56,-4005.68
1023,2023-10-01,1705.2,42,11.587,13.106,2462.88,-757.68
1023,2023-12-01,5096.21,47,3.113,3.213,1705.2,3391.01
1024,2023-01-01,15837.75,45,11.555,13.064,,
1024,2023-02-01,3733.73,13,16.126,19.226,15837.75,-12104.02
1024,2023-03-01,27642.42,81,18.162,20.205,3733.73,23908.69
1024,2023-04-01,14852.95,77,7.899,9.36,27642.42,-12789.47
1024,2023-06-01,6518.43,45,5.12,4.632,14852.95,-8334.52
1024,2023-08-01,19813.92,72,11.74,17.545,6518.43,13295.49
1024,2023-11-01,1755.0,43,2.135,1.509,19813.92,-18058.92
1024,2023-12-01,4107.22,22,5.8,4.719,1755.0,2352.22
1025,2023-02-01,5550.88,59,4.801,6.648,,
1025,2023-03-01,899.8,4,7.559,8.177,5550.88,-4651.08
1025,2023-06-01,6453.1,47,3.433,3.556,899.8,5553.3
1025,2023-07-01,12435.62,77,6.48,7.743,6453.1,5982.52
1025,2023-09-01,5084.3,26,8.877,9.742,12435.62,-7351.32
1025,2023-10-01,10219.0,44,13.519,15.632,5084.3,5134.7
1025,2023-12-01,7762.1,39,12.552,10.707,10219.0,-2456.9
1026,2023-01-01,121.35,5,0.589,0.593,,
1026,2023-02-01,13682.15,53,47.529,51.891,121.35,13560.8
1026,2023-03-01,5794.43,19,5.758,6.11,13682.15,-7887.72
1026,2023-04-01,1179.64,4,6.877,7.385,5794.43,-4614.79
1026,2023-05-01,9330.2,20,13.514,15.625,1179.64,8150.56
1026,2023-08-01,7445.0,25,20.472,25.742,9330.2,-1885.2
1026,2023-10-01,19269.0,45,19.734,24.586,7445.0,11824.0
1026,2023-11-01,11494.08,36,9.428,10.41,19269.0,-7774.92
1027,2023-01-01,20455.26,56,51.762,77.911,,
1027,2023-02-01,25189.3,68,21.686,28.024,20455.26,4734.04
1027,2023-03-01,7076.79,21,11.831,13.418,25189.3,-18112.51
1027,2023-04-01,598.08,7,3.477,3.602,7076.79,-6478.71
1027,2023-07-01,9484.93,37,7.87,9.93,598.08,8886.85
1027,2023-08-01,15665.36,47,27.939,8.554,9484.93,6180.43
1028,2023-02-01,12429.36,48,10.514,11.534,,
1028,2023-06-01,218.82,2,3.361,3.478,12429.36,-12210.54
1028,2023-08-01,29495.94,152,6.679,5.218,218.82,29277.12
1028,2023-11-01,19073.91,67,23.047,26.324,29495.94,-10422.03
1029,2023-01-01,12851.05,31,13.229,15.246,,
1029,2023-03-01,6573.56,28,7.553,8.17,12851.05,-6277.49
1029,2023-06-01,12845.37,42,16.279,13.698,6573.56,6271.81
1029,2023-07-01,11442.41,31,27.956,38.804,12845.37,-1402.96
1029,2023-08-01,12396.54,46,5.523,5.846,11442.41,954.13
1029,2023-10-01,3004.8,16,6.803,7.299,12396.54,-9391.74
1029,2023-12-01,2428.65,21,3.613,3.749,3004.8,-576.15
1030,2023-02-01,16442.93,49,11.469,12.955,,
1030,2023-03-01,6485.82,41,18.291,6.51,16442.93,-9957.11
1030,2023-05-01,732.72,43,0.362,0.363,6485.82,-5753.1
1030,2023-06-01,753.1,5,3.689,3.83,732.72,20.38
1030,2023-07-01,9211.22,58,4.046,3.682,753.1,8458.12
1030,2023-08-01,14930.08,34,12.32,14.052,9211.22,5718.86
1030,2023-11-01,12736.62,63,9.381,11.319,14930.08,-2193.46
1031,2023-03-01,11524.48,32,9.703,10.746,,
1031,2023-06-01,2512.8,10,30.714,44.328,11524.48,-9011.68
1031,2023-12-01,3217.94,22,3.338,3.453,2512.8,705.14
1032,2023-03-01,4672.8,20,4.696,4.927,,
1032,2023-04-01,3402.27,63,1.262,1.609,4672.8,-1270.53
1032,2023-06-01,15408.19,55,8.296,6.14,3402.27,12005.92
1032,2023-08-01,4095.62,28,4.964,3.125,15408.19,-11312.57
1032,2023-10-01,4638.24,28,9.085,10.483,4095.62,542.62
1032,2023-11-01,10292.26,26,18.442,13.907,4638.24,5654.02
1032,2023-12-01,1423.18,11,3.059,3.155,10292.26,-8869.08
1033,2023-01-01,530.16,24,1.615,1.642,,
1033,2023-02-01,5041.83,42,4.738,2.898,530.16,4511.67
1033,2023-03-01,5480.02,14,51.927,108.016,5041.83,438.19
1033,2023-04-01,8432.97,53,11.421,11.037,5480.02,2952.95
1033,2023-05-01,7703.68,16,14.172,16.512,8432.97,-729.29
1033,2023-06-01,7763.52,32,69.002,222.598,7703.68,59.84
1033,2023-07-01,194.48,13,0.343,0.344,7763.52,-7569.04
1033,2023-08-01,10755.74,83,17.37,15.441,194.48,10561.26
1033,2023-10-01,11283.78,61,6.886,4.309,10755.74,528.04
1033,2023-11-01,21575.25,66,8.893,12.362,11283.78,10291.47
1034,2023-01-01,17729.79,79,26.158,15.782,,
1034,2023-02-01,1344.72,26,7.196,7.754,17729.79,-16385.07
1034,2023-03-01,13893.75,45,13.297,15.337,1344.72,12549.03
1034,2023-04-01,2502.71,10,7.973,8.982,13893.75,-11391.04
1034,2023-05-01,4913.78,19,11.859,13.454,2502.71,2411.07
1034,2023-10-01,2110.04,34,5.966,6.345,4913.78,-2803.74
1035,2023-01-01,12979.12,28,10.946,12.291,,
1035,2023-02-01,1557.85,5,6.497,6.949,12979.12,-11421.27
1035,2023-03-01,22877.8,86,12.9,11.449,1557.85,21319.95
1035,2023-04-01,3260.94,34,7.986,8.679,22877.8,-19616.86
1035,2023-05-01,22108.95,45,10.625,11.888,3260.94,18848.01
1035,2023-08-01,3099.4,35,5.539,2.307,22108.95,-19009.55
1035,2023-10-01,197.86,1,24.467,32.392,3099.4,-2901.54
1036,2023-02-01,1691.82,26,1.502,1.525,,
1036,2023-03-01,9351.57,23,10.865,12.19,1691.82,7659.75
1036,2023-04-01,10218.0,25,9.192,10.123,9351.57,866.43
1036,2023-05-01,4005.12,42,2.173,2.221,10218.0,-6212.88
1036,2023-07-01,6218.09,17,19.87,24.798,4005.12,2212.97
1036,2023-08-01,4653.5,25,6.876,7.384,6218.09,-1564.59
1036,2023-09-01,19380.55,49,9.82,11.591,4653.5,14727.05
1036,2023-10-01,8934.66,49,12.756,14.621,19380.55,-10445.89
1036,2023-11-01,20663.53,51,24.663,27.022,8934.66,11728.87
1036,2023-12-01,1970.15,7,8.896,9.765,20663.53,-18693.38
1037,2023-01-01,35186.11,106,13.39,10.287,,
1037,2023-06-01,1183.52,4,5.897,6.266,35186.11,-34002.59
1037,2023-09-01,6758.77,22,17.778,21.152,1183.52,5575.25
1037,2023-12-01,15376.32,32,15.628,18.523,6758.77,8617.55
1038,2023-02-01,6398.29,23,15.778,9.686,,
1038,2023-03-01,4112.31,24,9.543,9.849,6398.29,-2285.98
1038,2023-05-01,3351.0,20,6.038,6.426,4112.31,-761.31
1038,2023-06-01,18841.98,66,18.386,22.757,3351.0,15490.98
1038,2023-08-01,8606.45,43,6.194,6.603,18841.98,-10235.53
1038,2023-10-01,1756.77,31,2.048,2.091,8606.45,-6849.68
1038,2023-11-01,428.06,1,25.037,33.399,1756.77,-1328.71
1039,2023-01-01,484.4,4,10.304,11.488,,
1039,2023-02-01,844.8,20,2.054,2.097,484.4,360.4
1039,2023-03-01,15592.15,35,14.004,16.284,844.8,14747.35
1039,2023-04-01,10963.44,27,15.833,17.145,15592.15,-4628.71
1039,2023-05-01,16374.4,40,10.375,11.575,10963.44,5410.96
1039,2023-06-01,2136.0,10,4.838,5.961,16374.4,-14238.4
1039,2023-07-01,20157.9,42,13.331,15.382,2136.0,18021.9
1039,2023-08-01,7416.36,36,6.592,7.058,20157.9,-12741.54
1039,2023-09-01,11111.36,65,11.368,6.484,7416.36,3695.0
1040,2023-01-01,8089.44,19,55.433,124.382,,
1040,2023-03-01,9161.23,55,4.321,4.314,8089.44,1071.79
1040,2023-05-01,4397.32,47,5.345,5.647,9161.23,-4763.91
1040,2023-11-01,20090.62,47,16.334,19.523,4397.32,15693.3
1041,2023-01-01,10994.04,36,26.098,35.315,,
1041,2023-03-01,4535.08,44,3.039,3.134,10994.04,-6458.96
1041,2023-08-01,4706.42,31,8.644,9.462,4535.08,171.34
1041,2023-11-01,18626.8,40,43.621,77.372,4706.42,13920.38
1042,2023-01-01,22101.42,82,15.296,13.234,,
1042,2023-05-01,6964.71,38,17.645,34.803,22101.42,-15136.71
1042,2023-06-01,9010.4,20,12.635,14.463,6964.71,2045.69
1042,2023-07-01,6317.16,49,8.312,4.524,9010.4,-2693.24
1042,2023-08-01,8503.92,27,21.656,27.641,6317.16,2186.76
1043,2023-08-01,8724.76,22,8.517,9.309,,
1043,2023-10-01,5044.16,22,30.195,43.257,8724.76,-3680.6
1043,2023-11-01,531.96,3,8.11,8.826,5044.16,-4512.2
1043,2023-12-01,3562.92,18,17.979,5.707,531.96,3030.96
1044,2023-01-01,1437.95,5,5.694,6.038,,
1044,2023-02-01,5066.64,34,6.652,5.023,1437.95,3628.69
1044,2023-04-01,5672.22,34,4.461,4.669,5066.64,605.58
1044,2023-05-01,6104.32,19,12.831,14.719,5672.22,432.1
1044,2023-06-01,2124.12,6,12.906,14.819,6104.32,-3980.2
1044,2023-07-01,14965.74,47,17.393,21.055,2124.12,12841.62
1044,2023-08-01,3798.72,18,32.914,49.063,14965.74,-11167.02
1044,2023-10-01,4220.04,11,17.468,21.164,3798.72,421.32
1044,2023-11-01,817.86,6,3.55,3.68,4220.04,-3402.18
1045,2023-01-01,32061.28,81,11.394,12.785,,
1045,2023-03-01,2741.9,14,23.564,30.829,32061.28,-29319.38
1045,2023-06-01,17802.63,60,23.471,9.515,2741.9,15060.73
1045,2023-11-01,162.32,2,8.171,8.898,17802.63,-17640.31
1045,2023-12-01,14810.42,64,32.387,9.494,162.32,14648.1
1046,2023-01-01,6315.84,43,3.498,3.625,,
1046,2023-02-01,13583.15,49,8.162,11.224,6315.84,7267.31
1046,2023-07-01,3303.95,17,4.804,5.047,13583.15,-10279.2
1046,2023-08-01,157.8,4,0.954,0.963,3303.95,-3146.15
1046,2023-09-01,20908.21,71,32.34,24.755,157.8,20750.41
1047,2023-03-01,5250.3,37,4.357,4.556,,
1047,2023-04-01,13359.04,33,15.168,14.758,5250.3,8108.74
1047,2023-06-01,8341.02,18,45.239,82.612,13359.04,-5018.02
1047,2023-07-01,23498.84,70,14.523,10.391,8341.02,15157.82
1047,2023-08-01,16119.37,121,4.122,4.187,23498.84,-7379.47
1047,2023-09-01,14021.12,32,54.353,119.072,16119.37,-2098.25
1047,2023-12-01,20553.14,43,27.674,38.264,14021.12,6532.02
1048,2023-01-01,22470.64,61,20.07,30.049,,
1048,2023-02-01,34500.92,116,7.227,6.929,22470.64,12030.28
1048,2023-04-01,12199.5,45,5.98,6.361,34500.92,-22301.42
1048,2023-07-01,2184.96,6,15.768,18.72,12199.5,-10014.54
1048,2023-09-01,41.48,4,0.356,0.358,2184.96,-2143.48
1048,2023-10-01,10858.38,48,7.361,7.043,41.48,10816.9
1049,2023-02-01,4402.31,31,3.825,3.978,,
1049,2023-03-01,7571.46,17,44.357,79.717,4402.31,3169.15
1049,2023-05-01,9766.23,42,4.111,5.85,7571.46,2194.77
1049,2023-09-01,5016.88,44,3.29,3.402,9766.23,-4749.35
1049,2023-10-01,10404.14,68,3.152,3.443,5016.88,5387.26
1049,2023-12-01,16541.4,38,12.874,14.776,10404.14,6137.26
1050,2023-02-01,6781.92,48,16.596,19.898,,
1050,2023-03-01,9339.8,20,12.335,14.071,6781.92,2557.88
1050,2023-05-01,31258.26,86,32.858,30.292,9339.8,21918.46
1050,2023-06-01,11492.41,23,11.741,13.303,31258.26,-19765.85
1050,2023-07-01,5973.13,43,2.793,2.873,11492.41,-5519.28
1050,2023-08-01,5233.45,17,11.597,13.118,5973.13,-739.68
1050,2023-11-01,6709.08,28,12.28,13.999,5233.45,1475.63
1051,2023-01-01,10562.19,37,7.63,9.484,,
1051,2023-04-01,3960.95,38,3.11,3.246,10562.19,-6601.24
1051,2023-05-01,19673.96,70,6.563,6.854,3960.95,15713.01
1051,2023-10-01,16955.96,46,31.47,74.736,19673.96,-2718.0
1051,2023-11-01,12580.21,62,14.531,16.816,16955.96,-4375.75
1051,2023-12-01,2600.8,8,41.037,69.598,12580.21,-9979.41
1052,2023-01-01,5254.37,11,12.157,13.839,,
1052,2023-02-01,2060.46,18,42.837,74.939,5254.37,-3193.91
1052,2023-04-01,9295.22,33,11.695,7.059,2060.46,7234.76
1052,2023-07-01,24322.62,90,28.245,15.045,9295.22,15027.4
1052,2023-10-01,14452.07,87,8.859,7.009,24322.62,-9870.55
1052,2023-11-01,8113.68,18,12.109,13.778,14452.07,-6338.39
1052,2023-12-01,8782.2,20,17.75,31.583,8113.68,668.52
1053,2023-01-01,20989.08,42,16.979,20.451,,
1053,2023-02-01,3956.59,11,18.516,22.724,20989.08,-17032.49
1053,2023-03-01,159.79,1,8.579,9.384,3956.59,-3796.8
1053,2023-05-01,16851.6,36,9.917,11.008,159.79,16691.81
1053,2023-06-01,7248.15,39,3.848,4.002,16851.6,-9603.45
1053,2023-07-01,3738.02,11,62.885,169.436,7248.15,-3510.13
1053,2023-10-01,27079.66,78,30.597,23.23,3738.02,23341.64
1053,2023-12-01,14374.42,91,5.842,5.595,27079.66,-12705.24
1054,2023-01-01,20846.8,62,9.509,10.499,,
1054,2023-02-01,2749.42,43,2.921,3.009,20846.8,-18097.38
1054,2023-04-01,6994.08,48,5.917,6.289,2749.42,4244.66
1054,2023-06-01,9280.86,48,5.49,6.757,6994.08,2286.78
1054,2023-07-01,22425.87,67,7.697,7.459,9280.86,13145.01
1054,2023-09-01,7769.12,16,9.628,10.654,22425.87,-14656.75
1054,2023-10-01,5340.88,64,2.798,1.982,7769.12,-2428.24
1055,2023-03-01,1163.03,11,4.065,4.237,,
1055,2023-05-01,6067.2,40,13.648,15.804,1163.03,4904.17
1055,2023-07-01,22586.4,59,7.679,9.259,6067.2,16519.2
1055,2023-09-01,5197.68,12,14.575,17.062,22586.4,-17388.72
1055,2023-10-01,5581.18,46,2.825,2.907,5197.68,383.5
1055,2023-12-01,2603.36,8,8.478,9.263,5581.18,-2977.82
1056,2023-01-01,5565.25,25,8.614,9.426,,
1056,2023-02-01,16467.71,79,13.773,16.001,5565.25,10902.46
1056,2023-04-01,3031.1,10,36.088,56.465,16467.71,-13436.61
1056,2023-05-01,3452.72,75,1.658,2.164,3031.1,421.62
1056,2023-07-01,12681.2,35,13.383,15.451,3452.72,9228.48
1056,2023-12-01,6490.72,29,10.066,18.383,12681.2,-6190.48
1057,2023-01-01,7397.88,48,8.82,3.946,,
1057,2023-06-01,23965.73,77,7.879,8.121,7397.88,16567.85
1057,2023-09-01,5145.75,25,10.151,11.297,23965.73,-18819.98
1057,2023-10-01,19593.6,40,13.156,15.15,5145.75,14447.85
1057,2023-11-01,432.12,26,1.27,1.287,19593.6,-19161.48
1057,2023-12-01,1555.89,31,2.046,2.089,432.12,1123.77
1058,2023-01-01,66.42,6,0.221,0.222,,
1058,2023-03-01,32811.84,176,8.479,7.871,66.42,32745.42
1058,2023-04-01,2396.79,33,6.698,7.179,32811.84,-30415.05
1058,2023-06-01,20858.88,48,14.252,16.621,2396.79,18462.09
1058,2023-07-01,1300.74,14,3.322,3.436,20858.88,-19558.14
1058,2023-09-01,4568.31,38,15.786,4.129,1300.74,3267.57
1058,2023-11-01,10907.73,57,17.909,6.625,4568.31,6339.42
1058,2023-12-01,17966.8,80,9.775,9.166,10907.73,7059.07
1059,2023-04-01,5795.04,13,28.655,13.704,,
1059,2023-05-01,938.32,37,0.608,0.612,5795.04,-4856.72
1059,2023-06-01,23485.65,60,37.758,60.059,938.32,22547.33
1059,2023-07-01,2833.12,16,3.966,4.13,23485.65,-20652.53
1059,2023-08-01,16812.25,56,7.014,9.238,2833.12,13979.13
1059,2023-10-01,13740.72,28,68.629,218.768,16812.25,-3071.53
1059,2023-11-01,6889.76,17,18.545,22.767,13740.72,-6850.96
1060,2023-01-01,7992.06,37,14.331,4.619,,
1060,2023-03-01,13239.16,44,11.974,13.603,7992.06,5247.1
1060,2023-04-01,8688.71,23,8.417,9.19,13239.16,-4550.45
1060,2023-05-01,5526.06,31,5.338,5.639,8688.71,-3162.65
1060,2023-08-01,7777.6,21,6.592,9.318,5526.06,2251.54
1060,2023-10-01,15133.17,80,14.906,11.177,7777.6,7355.57
1060,2023-12-01,21649.32,44,11.504,13.0,15133.17,6516.15
1061,2023-01-01,2506.1,38,1.463,1.485,,
1061,2023-03-01,5709.13,58,5.852,4.461,2506.1,3203.03
1061,2023-04-01,37688.74,115,33.861,21.105,5709.13,31979.61
1061,2023-05-01,12289.34,41,9.385,10.357,37688.74,-25399.4
1061,2023-09-01,6983.75,25,9.229,10.167,12289.34,-5305.59
1061,2023-10-01,12306.94,37,6.673,7.15,6983.75,5323.19
1061,2023-12-01,35500.73,77,19.813,23.715,12306.94,23193.79
1062,2023-01-01,1978.65,15,2.698,2.773,,
1062,2023-03-01,23874.72,69,8.922,8.214,1978.65,21896.07
1062,2023-04-01,2757.08,58,4.079,2.048,23874.72,-21117.64
1062,2023-05-01,15683.28,100,25.359,26.468,2757.08,12926.2
1062,2023-07-01,34468.5,102,16.523,22.457,15683.28,18785.22
1062,2023-09-01,6107.22,37,3.422,3.543,34468.5,-28361.28
1062,2023-10-01,1810.24,4,22.248,28.614,6107.22,-4296.98
1062,2023-11-01,21455.74,110,14.563,11.803,1810.24,19645.5
1062,2023-12-01,1131.46,11,7.956,8.643,21455.74,-20324.28
1063,2023-03-01,20994.96,42,29.934,42.722,,
1063,2023-04-01,13572.4,40,13.903,16.147,20994.96,-7422.56
1063,2023-05-01,31052.41,86,8.439,9.1,13572.4,17480.01
1063,2023-06-01,5388.75,25,5.117,5.393,31052.41,-25663.66
1063,2023-07-01,6427.52,32,17.077,20.594,5388.75,1038.77
1063,2023-08-01,24672.28,57,23.299,18.56,6427.52,18244.76
1063,2023-10-01,5050.2,31,6.72,8.361,24672.28,-19622.08
1063,2023-12-01,26000.4,60,15.998,19.04,5050.2,20950.2
1064,2023-01-01,3496.8,20,3.93,4.99,,
1064,2023-04-01,5200.26,13,19.556,24.31,3496.8,1703.46
1064,2023-05-01,4169.28,16,17.396,10.242,5200.26,-1030.98
1064,2023-06-01,13813.5,67,12.929,14.833,4169.28,9644.22
1064,2023-08-01,335.9,5,13.76,15.955,13813.5,-13477.6
1064,2023-12-01,7658.0,35,4.274,4.465,335.9,7322.1
1065,2023-01-01,1108.56,18,3.345,3.033,,
1065,2023-06-01,1337.44,13,7.135,7.683,1108.56,228.88
1065,2023-08-01,7140.64,26,5.954,6.331,1337.44,5803.2
1065,2023-11-01,1196.22,21,3.54,3.435,7140.64,-5944.42
1065,2023-12-01,3198.69,27,17.392,3.947,1196.22,2002.47
1066,2023-01-01,13644.48,48,9.895,10.981,,
1066,2023-03-01,763.14,7,17.238,20.828,13644.48,-12881.34
1066,2023-06-01,2917.85,13,5.15,5.429,763.14,2154.71
1066,2023-07-01,5556.43,19,18.138,13.178,2917.85,2638.58
1066,2023-08-01,2352.8,20,10.965,12.316,5556.43,-3203.63
1066,2023-09-01,22857.04,47,26.935,36.864,2352.8,20504.24
1066,2023-10-01,1792.24,4,8.882,9.747,22857.04,-21064.8
1067,2023-01-01,15501.6,48,60.525,153.326,,
1067,2023-03-01,9875.6,28,9.179,10.106,15501.6,-5626.0
1067,2023-04-01,6027.69,17,11.128,12.522,9875.6,-3847.91
1067,2023-05-01,5139.04,81,3.249,2.592,6027.69,-888.65
1067,2023-06-01,15985.97,59,4.957,6.522,5139.04,10846.93
1067,2023-07-01,22294.17,63,22.779,18.169,15985.97,6308.2
1067,2023-09-01,3776.96,37,5.499,5.819,22294.17,-18517.21
1068,2023-02-01,699.82,22,0.871,0.879,,
1068,2023-04-01,4178.18,31,4.079,4.253,699.82,3478.36
1068,2023-08-01,5077.17,21,17.465,21.161,4178.18,898.99
1068,2023-09-01,4174.52,14,20.725,26.143,5077.17,-902.65
1068,2023-11-01,14623.56,42,22.229,28.582,4174.52,10449.04
1069,2023-01-01,2301.6,6,17.824,21.689,,
1069,2023-02-01,8268.66,18,14.268,16.643,2301.6,5967.06
1069,2023-03-01,19925.17,76,9.384,7.449,8268.66,11656.51
1069,2023-05-01,20121.58,74,30.427,35.47,19925.17,196.41
1069,2023-06-01,2044.56,42,3.283,3.394,20121.58,-18077.02
1069,2023-08-01,188.04,4,1.856,1.891,2044.56,-1856.52
1069,2023-10-01,15845.62,46,8.595,9.403,188.04,15657.58
1069,2023-11-01,10514.91,23,46.3,86.219,15845.62,-5330.71
1069,2023-12-01,16137.52,47,8.781,10.268,10514.91,5622.61
1070,2023-01-01,2384.4,12,23.024,29.91,,
1070,2023-03-01,3637.95,15,6.225,6.638,2384.4,1253.55
1070,2023-05-01,2109.94,14,3.818,3.969,3637.95,-1528.01
1070,2023-11-01,8013.73,49,18.252,6.34,2109.94,5903.79
1070,2023-12-01,3633.77,41,5.54,6.191,8013.73,-4379.96
1071,2023-05-01,2254.5,6,11.717,13.272,,
1071,2023-06-01,13609.75,35,56.794,131.448,2254.5,11355.25
1071,2023-10-01,10657.24,22,15.206,17.932,13609.75,-2952.51
1071,2023-11-01,13211.93,59,5.847,5.572,10657.24,2554.69
1071,2023-12-01,17121.2,40,22.819,29.566,13211.93,3909.27
1072,2023-02-01,9423.96,26,9.056,9.957,,
1072,2023-06-01,10353.35,35,6.368,6.801,9423.96,929.39
1072,2023-08-01,7688.16,63,7.917,3.93,10353.35,-2665.19
1072,2023-11-01,18645.59,64,33.613,53.096,7688.16,10957.43
1072,2023-12-01,9462.66,23,19.835,24.742,18645.59,-9182.93
1073,2023-05-01,9374.25,29,13.056,15.016,,
1073,2023-10-01,18578.25,90,6.91,5.96,9374.25,9204.0
1073,2023-11-01,8609.76,48,6.32,6.746,18578.25,-9968.49
1073,2023-12-01,39026.28,111,28.561,15.972,8609.76,30416.52
1074,2023-01-01,17250.1,38,24.555,32.547,,
1074,2023-02-01,4367.31,32,16.82,11.935,17250.1,-12882.79
1074,2023-03-01,8600.92,38,7.978,8.67,4367.31,4233.61
1074,2023-05-01,658.84,2,9.404,10.38,8600.92,-7942.08
1074,2023-08-01,14011.33,31,12.91,25.153,658.84,13352.49
1074,2023-09-01,11366.55,29,69.296,225.687,14011.33,-2644.78
1074,2023-11-01,20627.46,42,18.803,23.158,11366.55,9260.91
1074,2023-12-01,2744.74,19,34.141,51.839,20627.46,-17882.72
1075,2023-01-01,576.68,26,0.487,0.489,,
1075,2023-04-01,28208.98,81,8.151,8.881,576.68,27632.3
1075,2023-05-01,1771.56,36,1.122,1.134,28208.98,-26437.42
1075,2023-06-01,15555.36,56,21.116,23.003,1771.56,13783.8
1075,2023-08-01,26033.43,101,13.11,11.853,15555.36,10478.07
1075,2023-10-01,8171.82,18,16.925,20.373,26033.43,-17861.61
1075,2023-11-01,8551.81,37,12.122,13.795,8171.82,379.99
1076,2023-01-01,3952.32,16,11.171,12.576,,
1076,2023-02-01,350.71,17,3.302,3.415,3952.32,-3601.61
1076,2023-03-01,2421.67,23,3.676,3.816,350.71,2070.96
1076,2023-04-01,3932.48,32,2.755,2.833,2421.67,1510.81
1076,2023-09-01,6264.7,26,12.03,13.675,3932.48,2332.22
1076,2023-10-01,5900.88,23,12.929,14.849,6264.7,-363.82
1076,2023-12-01,9584.04,62,4.498,5.045,5900.88,3683.16
1077,2023-01-01,13479.2,35,39.683,65.791,,
1077,2023-02-01,3787.56,12,11.506,13.002,13479.2,-9691.64
1077,2023-08-01,18783.22,68,41.532,9.842,3787.56,14995.66
1077,2023-10-01,7487.86,28,19.655,24.094,18783.22,-11295.36
1077,2023-12-01,4342.8,24,7.418,8.012,7487.86,-3145.06
1078,2023-01-01,10963.08,36,6.275,6.695,,
1078,2023-02-01,7679.77,49,4.923,5.178,10963.08,-3283.31
1078,2023-03-01,8740.38,33,9.951,11.051,7679.77,1060.61
1078,2023-04-01,15346.31,49,14.586,17.077,8740.38,6605.93
1078,2023-06-01,1300.36,29,1.391,1.411,15346.31,-14045.95
1078,2023-07-01,679.59,3,20.066,25.104,1300.36,-620.77
1078,2023-11-01,1580.96,8,5.404,5.712,679.59,901.37
1078,2024-01-01,10563.84,42,79.865,396.657,1580.96,8982.88
1079,2023-06-01,12524.51,83,18.25,14.176,,
1079,2023-08-01,6987.37,53,5.61,7.451,12524.51,-5537.14
1079,2023-10-01,9160.84,50,8.664,9.17,6987.37,2173.47
1080,2023-01-01,17954.84,91,7.637,6.718,,
1080,2023-02-01,3678.03,9,26.363,35.801,17954.84,-14276.81
1080,2023-06-01,14707.35,35,31.806,46.64,3678.03,11029.32
1080,2023-07-01,5146.26,14,8.178,8.906,14707.35,-9561.09
1080,2023-08-01,6538.17,29,8.117,8.786,5146.26,1391.91
1080,2023-11-01,10857.28,32,9.039,9.937,6538.17,4319.11
1081,2023-01-01,14047.0,44,34.034,51.593,,
1081,2023-02-01,3983.56,41,3.375,3.492,14047.0,-10063.44
1081,2023-04-01,21558.83,63,13.445,20.269,3983.56,17575.27
1081,2023-07-01,607.68,16,1.479,1.501,21558.83,-20951.15
1081,2023-09-01,7063.99,23,19.9,24.844,607.68,6456.31
1081,2023-10-01,6071.54,23,15.757,18.704,7063.99,-992.45
1082,2023-05-01,454.78,2,14.422,16.852,,
1082,2023-06-01,6265.7,32,14.68,15.309,454.78,5810.92
1082,2023-07-01,34507.94,94,16.907,16.202,6265.7,28242.24
1082,2023-08-01,12546.54,43,11.305,12.746,34507.94,-21961.4
1082,2023-11-01,10190.55,41,17.201,20.774,12546.54,-2355.99
1083,2023-01-01,12897.9,34,24.518,32.481,,
1083,2023-02-01,7718.2,20,9.639,10.668,12897.9,-5179.7
1083,2023-04-01,6243.12,29,8.204,8.937,7718.2,-1475.08
1083,2023-08-01,5609.1,42,5.061,5.33,6243.12,-634.02
1084,2023-01-01,1502.55,21,11.037,12.406,,
1084,2023-02-01,12155.5,35,42.723,74.59,1502.55,10652.95
1084,2023-03-01,8539.2,40,6.877,7.384,12155.5,-3616.3
1084,2023-06-01,17329.83,49,7.613,8.24,8539.2,8790.63
1084,2023-08-01,5613.93,21,7.1,7.642,17329.83,-11715.9
1084,2023-09-01,7358.88,66,28.783,12.779,5613.93,1744.95
1084,2023-11-01,1395.3,15,2.647,2.719,7358.88,-5963.58
1085,2023-01-01,5926.08,16,43.964,78.457,,
1085,2023-02-01,20494.8,45,12.044,13.693,5926.08,14568.72
1085,2023-03-01,16056.0,45,6.969,7.491,20494.8,-4438.8
1085,2023-06-01,6581.52,50,5.035,5.528,16056.0,-9474.48
1085,2023-09-01,17533.6,40,9.694,10.735,6581.52,10952.08
1085,2023-11-01,13361.6,32,27.977,38.844,17533.6,-4172.0
1085,2023-12-01,1769.46,42,1.333,1.351,13361.6,-11592.14
1086,2023-01-01,1829.68,8,12.72,14.574,,
1086,2023-02-01,1284.6,5,4.949,5.207,1829.68,-545.08
1086,2023-04-01,11929.28,32,9.056,9.958,1284.6,10644.68
1086,2023-05-01,9432.75,25,14.368,16.779,11929.28,-2496.53
1086,2023-06-01,788.9,49,1.269,0.73,9432.75,-8643.85
1086,2023-07-01,10899.27,45,14.96,12.141,788.9,10110.37
1086,2023-08-01,14116.8,48,10.049,11.172,10899.27,3217.53
1086,2023-09-01,3181.21,17,4.39,4.592,14116.8,-10935.59
1086,2023-10-01,13834.24,32,83.592,509.451,3181.21,10653.03
1086,2023-11-01,6157.6,17,24.698,22.067,13834.24,-7676.64
1086,2023-12-01,35888.87,79,48.085,30.754,6157.6,29731.27
1087,2023-01-01,22700.96,87,6.6,7.071,,
1087,2023-02-01,2796.75,15,4.376,4.576,22700.96,-19904.21
1087,2023-04-01,2150.86,43,9.42,10.399,2796.75,-645.89
1087,2023-05-01,2517.1,10,5.936,6.311,2150.86,366.24
1087,2023-09-01,2088.4,20,35.077,54.028,2517.1,-428.7
1087,2023-10-01,8174.5,55,5.715,8.157,2088.4,6086.1
1087,2023-11-01,5506.2,30,20.803,26.267,8174.5,-2668.3
1088,2023-01-01,344.08,11,0.799,0.805,,
1088,2023-04-01,13568.23,29,42.248,73.153,344.08,13224.15
1088,2023-07-01,309.26,1,6.589,7.053,13568.23,-13258.97
1088,2023-09-01,5603.76,12,9.616,10.639,309.26,5294.5
1088,2023-10-01,5558.08,56,1.678,2.274,5603.76,-45.68
1088,2023-11-01,2198.89,21,5.387,4.779,5558.08,-3359.19
1088,2023-12-01,9960.8,20,9.788,10.85,2198.89,7761.91
1089,2023-01-01,8179.15,35,5.429,5.74,,
1089,2023-03-01,649.56,4,3.794,3.944,8179.15,-7529.59
1089,2023-06-01,5469.1,35,3.828,3.98,649.56,4819.54
1089,2023-07-01,4855.53,31,15.635,18.533,5469.1,-613.57
1089,2023-08-01,1984.0,4,10.491,11.721,4855.53,-2871.53
1089,2023-09-01,18946.56,88,6.995,6.98,1984.0,16962.56
1089,2023-10-01,43938.83,106,12.235,12.211,18946.56,24992.27
1089,2023-11-01,9621.3,55,4.849,4.179,43938.83,-34317.53
1089,2023-12-01,14662.4,32,9.735,10.785,9621.3,5041.1
1090,2023-01-01,19512.28,48,10.836,11.596,,
1090,2023-02-01,1597.64,44,1.015,1.025,19512.28,-17914.64
1090,2023-03-01,18982.83,47,14.878,17.478,1597.64,17385.19
1090,2023-04-01,11745.3,35,22.888,29.682,18982.83,-7237.53
1090,2023-06-01,37364.19,129,32.485,15.472,11745.3,25618.89
1090,2023-07-01,14713.5,55,6.936,8.076,37364.19,-22650.69
1090,2023-08-01,9926.51,31,12.002,13.639,14713.5,-4786.99
1090,2023-09-01,19524.42,58,37.184,17.257,9926.51,9597.91
1090,2023-10-01,23353.92,48,9.262,10.207,19524.42,3829.5
1090,2023-11-01,16625.57,49,31.809,13.772,23353.92,-6728.35
1090,2023-12-01,495.88,46,0.231,0.231,16625.57,-16129.69
1091,2023-04-01,15675.12,36,9.925,11.019,,
1091,2023-05-01,2671.92,24,2.968,3.059,15675.12,-13003.2
1091,2023-09-01,14129.28,44,13.343,15.398,2671.92,11457.36
1091,2023-10-01,20450.07,54,18.105,18.898,14129.28,6320.79
1092,2023-01-01,15266.86,79,5.936,4.831,,
1092,2023-02-01,32173.27,95,10.177,10.999,15266.86,16906.41
1092,2023-03-01,14748.48,67,8.91,8.742,32173.27,-17424.79
1092,2023-05-01,2707.6,20,16.849,20.263,14748.48,-12040.88
1092,2023-06-01,21721.14,68,14.607,17.148,2707.6,19013.54
1092,2023-07-01,18188.62,47,10.672,14.972,21721.14,-3532.52
1092,2023-08-01,17858.86,76,9.915,7.089,18188.62,-329.76
1092,2023-11-01,27972.05,75,9.938,11.063,17858.86,10113.19
1092,2023-12-01,8220.6,21,29.169,22.433,27972.05,-19751.45
1093,2023-04-01,14685.11,51,7.322,7.07,,
1093,2023-05-01,631.72,17,4.86,5.109,14685.11,-14053.39
1093,2023-06-01,11563.4,38,77.848,351.426,631.72,10931.68
1093,2023-08-01,2654.28,6,65.296,188.151,11563.4,-8909.12
1093,2023-09-01,1828.08,59,1.798,1.6,2654.28,-826.2
1093,2023-10-01,8764.38,65,6.742,7.244,1828.08,6936.3
1093,2023-11-01,24043.78,68,28.286,26.494,8764.38,15279.4
1094,2023-01-01,25646.76,108,5.711,6.742,,
1094,2023-02-01,6684.74,54,4.216,3.499,25646.76,-18962.02
1094,2023-03-01,4918.13,49,14.021,16.308,6684.74,-1766.61
1094,2023-12-01,7804.26,27,28.813,11.882,4918.13,2886.13
1095,2023-03-01,18914.96,59,12.614,16.487,,
1095,2023-04-01,2960.43,19,5.309,5.342,18914.96,-15954.53
1095,2023-08-01,5398.2,20,27.013,37.011,2960.43,2437.77
1095,2023-10-01,4185.72,21,24.296,32.094,5398.2,-1212.48
1095,2023-11-01,25673.11,76,20.192,14.151,4185.72,21487.39
1095,2023-12-01,1457.2,4,10.247,11.416,25673.11,-24215.91
1096,2023-01-01,4277.88,27,3.19,3.295,,
1096,2023-02-01,9670.76,31,15.321,18.093,4277.88,5392.88
1096,2023-03-01,12715.68,48,9.76,10.816,9670.76,3044.92
1096,2023-04-01,4652.1,45,22.411,28.884,12715.68,-8063.58
1096,2023-05-01,2365.44,32,6.937,7.454,4652.1,-2286.66
1096,2023-06-01,8177.46,20,40.104,24.748,2365.44,5812.02
1096,2023-07-01,11967.34,38,7.374,7.962,8177.46,3789.88
1096,2023-08-01,9357.9,30,7.285,7.857,11967.34,-2609.44
1096,2023-09-01,9743.95,23,41.043,69.614,9357.9,386.05
1096,2023-10-01,4601.9,10,13.586,15.722,9743.95,-5142.05
1096,2023-11-01,5026.9,17,9.632,10.659,4601.9,425.0
1096,2023-12-01,1432.0,20,3.465,3.589,5026.9,-3594.9
1097,2023-02-01,11839.23,27,9.98,11.086,,
1097,2023-03-01,14241.02,48,11.743,12.814,11839.23,2401.79
1097,2023-06-01,282.4,10,1.289,1.306,14241.02,-13958.62
1097,2023-09-01,19770.84,54,14.47,18.787,282.4,19488.44
1097,2023-10-01,12214.38,76,4.155,3.641,19770.84,-7556.46
1098,2023-03-01,1502.71,11,15.558,18.424,,
1098,2023-04-01,990.25,5,6.297,6.72,1502.71,-512.46
1098,2023-07-01,3863.27,19,4.774,5.014,990.25,2873.02
1098,2023-10-01,2182.32,21,12.536,14.333,3863.27,-1680.95
1098,2023-11-01,2943.76,31,3.794,3.944,2182.32,761.44
1098,2023-12-01,4474.96,28,3.941,4.103,2943.76,1531.2
1098,2024-01-01,3189.45,11,57.603,135.865,4474.96,-1285.51
1099,2023-01-01,2444.35,31,1.673,1.702,,
1099,2023-02-01,16311.1,67,12.399,11.657,2444.35,13866.75
1099,2023-03-01,4243.6,10,21.7,27.714,16311.1,-12067.5
1099,2023-04-01,10586.76,57,3.719,3.951,4243.6,6343.16
1099,2023-05-01,12088.32,48,6.819,7.318,10586.76,1501.56
1099,2023-06-01,8907.94,33,7.151,13.645,12088.32,-3180.38
1099,2023-08-01,15410.0,61,4.869,5.948,8907.94,6502.06
1099,2023-10-01,39081.33,119,25.723,18.681,15410.0,23671.33
1099,2023-12-01,12485.59,76,4.485,5.02,39081.33,-26595.74
1100,2023-02-01,15346.27,43,14.432,16.866,,
1100,2023-05-01,1380.11,29,1.319,1.337,15346.27,-13966.16
1100,2023-08-01,1575.09,43,3.22,3.328,1380.11,194.98
1100,2023-09-01,15866.02,36,51.764,44.049,1575.09,14290.93
1100,2023-11-01,5069.55,15,31.425,74.18,15866.02,-10796.47
1100,2023-12-01,16256.5,73,4.585,5.187,5069.55,11186.95